name,password,email
glennis,NZQFt1fP,lorem@ius.com
cornell,3GLX0gO8,ipsum@has.com
stefan,Hm7gFTAO,vix@nam.com
era,rcQeKlUC,quo@per.com
patria,GrTQT8Bk,vix@officiis.com
cecil,sFXUp7GS,tantas@oratio.com
laine,sFY2RxNp,odio@ex.com
stepanie,WejYHNXW,ad@solet.com
latashia,oMqN8dhm,sed@no.com
jed,P8oqdsPU,eu@pri.com
bok,SHzgOibJ,mea@mea.com
ed,4M0XOeW6,ius@in.com
marina,8HEVvK0h,illum@offendit.com
karla,BdbgptBY,ut@mea.com
lexie,5Vf117YK,ne@imperdiet.com
hayden,Rk4iSWht,mel@his.com
joshua,OH3oDVXN,ea@officiis.com
deanna9,OzZg20FG,quando@meis.com
maricela,X04T6CuU,at@suavitate.com
erlinda,sZOp9sBQ,tamquam@at.com
sachiko,IyX2EolP,in@eu.com
fernande,yRRJZ3Ao,labitur@est.com
jada56,cGRyliGw,at@an.com
ewa,id7JNPtK,eos@eum.com
kelsey45,PuxzUNvH,assum@temporibus.com
cedrick,0G5MAFaY,cu@pericula.com
lily,9AbJYyKD,et@elaboraret.com
rosalia,XxC3lZaX,ne@mutat.com
dalene,9PRa2Cfa,affert@ea.com
ada,EA6G1tpQ,omittam@nihil.com
jaunita,1VGsCvh8,dolor@summo.com
hyo,lLPSTWXj,at@no.com
veola,bdk0AM9z,alienum@ad.com
denis,LHAcl1U1,te@pri.com
mathilda,ZiS96oDU,periculis@eripuit.com
ai,QmknQTOV,vocibus@adhuc.com
erminia,qY6pQQlH,autem@sententiae.com
candice6,LhpagwP0,at@munere.com
clifton,nGDjXIzl,facete@ea.com
claud52,omKjAhFK,partem@quo.com
aretha,9hkFz3UF,summo@usu.com
reva,XWDzBPEB,tractatos@facilisis.com
priscila,HC5NdbPh,aeque@ei.com
carlyn,8EvAIKk7,alii@ei.com
brenna,7fUIFfFp,oblique@quo.com
stacie,V1U7aiGB,vel@nobis.com
alishia,rkycNaCa,argumentum@facer.com
ivy28,o5EwRTde,sumo@eam.com
sheri,VImeY1mr,nusquam@no.com
dakota,nljUspYX,pro@vim.com
maurita,WMpJtJF1,platonem@ne.com
ligia,Ln7U3HK9,has@mei.com
claud,e5IPLRP4,ei@cum.com
elvia,HaYeEbsk,oblique@vix.com
roosevelt,LCSkm3yC,quando@adversarium.com
casimira,gaErzPZo,tation@eu.com
ardell,KjDLJYiG,quo@verterem.com
eldridge,AJZCtin5,impetus@cum.com
willis,Nk5l2kAg,aliquando@alterum.com
carole,ZWZetijx,sit@vocent.com
chrissy,QVTBdxz7,graeci@aperiam.com
gertrud,0LmtNi2T,blandit@vim.com
merrill65,MpUPeJMF,tale@ad.com
krystin,XoRliiZI,sed@ullamcorper.com
ines,hTevdp77,id@solet.com
kandace6,PALu4Odp,pericula@ad.com
jamee,CyLVUayN,tota@audiam.com
michale,8Sb9HzT1,percipit@viderer.com
elden,tVGdVxxi,omittam@voluptua.com
fairy,b2FzvzvM,veniam@nostrud.com
todd16,VDz4jk5B,cu@ea.com
nicolas,Vs8CiSHG,percipitur@graeci.com
jacob,fbyQe4HY,dolorem@has.com
bernice,Nfu0vYf4,alienum@lorem.com
genoveva,4Dr1kih8,dicat@repudiandae.com
estrella,71GGqcER,id@apeirian.com
lynetta,JdW6tLSN,malorum@ex.com
florentina,EOHF4rI9,inimicus@per.com
romana,2X1X1KZC,dolor@debet.com
christie,O6zJ3lXj,id@nisl.com
florinda,EqtQrInL,diam@mundi.com
ignacio126,v4MPxvYU,dico@nulla.com
margorie56,TnNnWrP2,fabulas@ea.com
chris,kRYzjHNB,quaestio@et.com
blondell,TaXZpC1Z,assueverit@mea.com
noma,ksxk5hnZ,probo@et.com
lavette,TQKSR5xb,vim@no.com
marni,MC8X3rfF,vel@te.com
amos,3h5TKLfr,amet@sapientem.com
sherwood,8KM2KuK8,singulis@corpora.com
alexis,OrRXQG5z,consulatu@legere.com
exie,TViChnLN,reque@eum.com
britteny,MgigD277,at@vim.com
melvina,e5RTrfSe,vis@invenire.com
celena,JasmbK88,his@ne.com
ngoc,Hv5f4oPb,maiestatis@elaboraret.com
bridget,yVUi5ApQ,eam@appareat.com
houston,6RK3C8B8,te@deseruisse.com
cecile,tSEOi7XE,ne@efficiendi.com
arleen,z8yDeEF7,sed@qui.com
andreas,9OHDPjg5,nec@rationibus.com
elenore,BwrdmVhY,nec@pertinacia.com
marianne,YBP10Bwm,ancillae@singulis.com
lang,e7adDusV,iudico@vis.com
gilma,YgGaldSe,sed@has.com
concepcion,cvxaGRgp,nam@dictas.com
celia,82Gpz19D,ex@omnesque.com
queen,6TaXZNVr,oporteat@quidam.com
lila56,MoPGdWSs,cum@zril.com
armand,xGkhEJDg,intellegat@mentitum.com
cora85,gE9GggLC,invenire@ponderum.com
clara,7A6It2Ly,per@dolore.com
rochell,edOQxOpc,conceptam@usu.com
ray65,Af48J9Ad,pro@ad.com
pura,wYhF6APy,suavitate@usu.com
leonard23,5RA411hc,ei@recteque.com
sparkle,q72ixzBk,cu@ne.com
kelle,e3MtsiDg,eros@ea.com
suzie,dtVdEW6A,hendrerit@quo.com
babette,N6rxLTPJ,ex@meliore.com
hattie,LHcm1AfO,est@fabellas.com
kareem,K2yjuouZ,sonet@et.com
rickey,8FmXPxs3,quo@qui.com
jeanett,psThg0ql,eam@nec.com
anjanette,9POfpCKt,his@mel.com
athena,fywO9wuA,ut@an.com
thomasina,MyoL2hML,solet@ad.com
sheldon,qVBdOkfe,ex@pri.com
toccara,uyIzMX0l,mei@purto.com
hershel,04O6K1gH,cum@eos.com
shante89,w4StLt3c,ei@temporibus.com
marvella,99YMXS2w,ut@an.com
waldo,P73g3PT5,id@eu.com
alyse,IegEKkIA,pri@ut.com
edie,yVCsladu,patrioque@volumus.com
melissia,Oq4L22Nr,eos@reprimique.com
farrah25,511QmdP8,his@scripserit.com
linda,vD4mRf6i,vocent@ea.net
lionel,Ge5cp9uw,elaboraret@vulputate.net
tambra,TJPZv9JB,honestatis@eu.net
rosetta,ve0BHcOz,no@democritum.net
reinaldo,1e5yJAlB,has@vel.net
willie,43ZhjgSn,pri@malis.net
trudie,fBBGqtXR,his@eu.net
ina123,kLM96IKn,has@assentior.net
twila,eyMCKbIs,nihil@inimicus.net
elmo,N5nKmKpX,dicunt@vim.net
dino,uHceXiHD,sed@quo.net
chanell,MlSmnOHT,cu@amet.net
merri,GIXO4roy,nonumy@complectitur.net
clemmie,KbPiC9Ge,soleat@putant.net
emilia,j4BB5FYL,mucius@te.net
randee,w56577ho,essent@autem.net
kimbra,W7BcNkgt,aliquid@pri.net
autumn,wqoAoPbX,vivendo@pri.net
aleen,ai4SYGTH,recusabo@mucius.net
bethany78,XGY05eYv,vim@ut.net
horacio,3bRwriMT,denique@dissentias.net
chanel,oYJZLZn9,voluptua@te.net
lisabeth,zDxZnMYz,eum@et.net
consuelo,pP3I5t92,inani@per.net
lin58,BR5FLgKq,omnis@nisl.net
elijah,JWwfRH3E,cu@vim.net
isaura,PD0m8AzE,conceptam@an.net
helga,3umuVc67,sit@usu.net
justin,3YxDJa2n,ea@vix.net
monet,coYg4lGn,viderer@pri.net
kamilah,fMcUIzIr,per@et.net
aretha1,r3bPSCbA,eos@dolorum.net
jame,PU89o950,te@minim.net
gilbert,Ftri0Fng,eum@mnesarchum.net
ilene2,Au2PQOCP,nostrud@deseruisse.net
shayne,97NYY6Id,an@persecuti.net
max,knOBpBbW,in@has.net
rea,iCwNQ4dk,ponderum@sanctus.net
hugh52,0SSt1lYa,eu@discere.net
mazie,kYb0xiPL,platonem@vim.net
lennie,tYwnyG7F,vis@laoreet.net
yu,wi6EMxFN,mucius@blandit.net
tari,UjF6x2Pz,lobortis@accusam.net
liberty,QAOj8ETx,iudicabit@at.net
laurie,TFDqHCrk,vivendum@solet.net
rodney,mi1qYYG7,consequuntur@iracundia.net
lesley91,a8qR3Rs6,recusabo@dolor.net
johnie,rl5qq8Qf,ut@nec.net
chaya,ozpQYYTv,iudicabit@error.net
lorna,I1z5xh6I,ullamcorper@ius.net
richie,JqnT5fff,scaevola@at.net
linh,qdlUiTck,senserit@oportere.net
pete,dMZvL2yV,admodum@lorem.net
lenita,aMOHx25w,bonorum@ipsum.net
meggan,WnD1sreo,pericula@vix.net
sherrie,2qtY9Djz,quo@quo.net
maranda,QzqB2gaG,an@vix.net
barry,BjNmEJ7j,corpora@tantas.net
randolph,tQGy8csx,ocurreret@odio.net
stefania,ofQNomP9,no@ad.net
antione7,gopJuVjN,omnes@sed.net
bobette,JEJRGFAX,eum@eu.net
lovetta,GgLyvWOl,debitis@mea.net
freeda,NHLJq7Da,delicatissimi@ius.net
myrtle,QWui0bUc,docendi@illum.net
yvone,0peXNHNz,legere@ut.net
denae,IXi2ErkH,recteque@ne.net
noel,wIMk02KZ,mel@mel.net
chasity,2Yg2neVh,splendide@ea.net
elisa,gRbsFNcX,soleat@quando.edu
madalene,Iel0FQIm,ex@at.edu
antione,uQCWF6aS,ad@tamquam.edu
sherrill,Hz6cceSz,cu@in.edu
joannie,8zNpzGOQ,ut@labitur.edu
trent,g9F07zuJ,ei@at.edu
joseph,X8w3eqfe,reprimique@eos.edu
jeremiah,UbsHSsYB,per@assum.edu
magdalena,UJZ2MpkI,constituam@cu.edu
trudy,g4OuvU5d,at@et.edu
barbra,eAhejrqw,ne@ne.edu
agnes,IW13Dek3,vituperata@affert.edu
vicky,FRGBdxv3,electram@omittam.edu
salvador,xIgzI6vU,debitis@dolor.edu
rachael,ROPjIQAC,suavitate@at.edu
kaley,6CqQAVna,at@alienum.edu
natacha,YQxxVy2v,utroque@te.edu
ezra,VQiJhtmp,percipitur@periculis.edu
estefana,zx0pWdKc,qui@vocibus.edu
ute,eT0JNxmZ,omnis@autem.edu
rosaline,7HKAzFWg,tacimates@at.edu
greta,ybbDS4cj,everti@facete.edu
randal,8ssxUPBh,scriptorem@partem.edu
marni2,BiKo6Mpn,ut@summo.edu
della,Qset86GZ,convenire@tractatos.edu
carman,E8EEAMaQ,semper@aeque.edu
mara,kagNYOHy,nam@alii.edu
nancey,T8fIPCwS,quod@oblique.edu
abdul2,pMYnn2wG,at@vel.edu
donnell,P2UqyYC9,scribentur@argumentum.edu
zandra,gCjRxW7N,mel@sumo.edu
pearlie,TEExAZKZ,eos@nusquam.edu
johna,93KUQjVT,in@pro.edu
edgardo,zZ3JOhEK,ea@platonem.edu
renea,F2k6z9gb,enim@has.edu
chi,uJ5GE8HZ,qui@ei.edu
idalia,ySI51wpZ,cotidieque@oblique.edu
hoa,lMktD8aY,an@quando.edu
leesa,wCr8u6JY,lorem@tation.edu
beula,u0ZQIRkV,no@quo.edu
reba45,AK9IUMWR,iudicabit@impetus.edu
cori,obRnkHIy,te@aliquando.edu
leif,j347LkRv,nam@sit.edu
jorge,4NFeb8T7,argumentum@graeci.edu
cristopher,qsFN9wfd,nam@blandit.edu
bethanie,7cekLtg1,euripidis@tale.edu
felisa,b8esKbsn,labore@sed.edu
coral,U7jFvQRD,ea@id.edu
nelson,oVOfw98N,aliquam@pericula.edu
marielle,pneVjIEv,disputando@tota.edu
kenna,hBkF41FO,assentior@percipit.edu
madge,r6MqQ2c7,no@omittam.edu
sulema,MvA17v4s,ius@veniam.edu
norbert,xibdqHVl,sapientem@cu.edu
tama,acJs8HJF,eum@percipitur.edu
alba,N6yjD5Y9,ei@dolorem.edu
mohammad59,xtY6OZ20,theophrastus@alienum.edu
moon,V09QeNdK,te@dicat.edu
gwyn,pzDZ9ua9,veniam@id.edu
debbie,scWzFDVo,modus@malorum.edu
monte,BHb0DmHK,ex@inimicus.edu
callie52,8PrckHyS,partem@dolor.edu
lin56,B54FWpyg,est@id.edu
carson,TvegH7q1,constituam@diam.edu
adelia,6odJ3WPe,eum@dico.edu
dwayne,KKJcAo9W,philosophia@fabulas.edu
deedra,9tLSagxf,suas@quaestio.edu
etha,gxsBzER2,officiis@assueverit.edu
lacresha,9o8WoxlC,amet@probo.edu
loura,MSHmOH29,consequuntur@vim.edu
jane,FKuGPWW1,vel@vel.edu
clarinda,CQ5OF5pK,ex@amet.edu
lauri,wzlITxAV,an@singulis.edu
inger,ewWiBS4N,ad@consulatu.edu
kortney,hkqQQTc5,wisi@reque.edu
jackie,CjuS20Go,iriure@at.edu
anastasia,guhFbe5M,ut@vis.edu
glendora,o3W50VV2,officiis@his.edu
lucina,cH1rP5bQ,ea@maiestatis.edu
teofila,59FDnRVY,alia@eam.edu
drucilla,2CpVZBOt,eum@te.edu
maryam95,0irDNXxu,regione@ne.edu
lyla,fl3GoCuB,an@sed.edu
ryann,3M7Rcl5x,ei@nec.edu
marina94,iV3mTolh,sed@nec.edu
ashleigh,RBujd2M4,est@ancillae.edu
chae,voSJkMJU,saperet@iudico.edu
sirena,MAbVB9uk,verear@sed.edu
zonia,mPsRUQYC,scaevola@nam.edu
dede,YagoMSIA,duo@ex.edu
delana,uDKB3xcP,alterum@oporteat.edu
lavada,tRBFaRyQ,falli@cum.edu
robert,sx8oysvS,et@intellegat.edu
marni65,xLkWWj8H,iudico@invenire.edu
cordelia,ill9cda4,sed@per.edu
ken,IuLXXW19,audiam@conceptam.edu
ignacio,HoFtnXmH,detraxit@pro.edu
leonore,auKyX4to,ludus@suavitate.edu
margorie,Dzo9gPva,concludaturque@ei.edu
deeanna,XNr5BrBi,sed@cu.edu
jarod,oEr5rMRu,his@eros.edu
johana,o0WecYa8,mel@hendrerit.edu
caren,YDKQJkvo,malis@ex.edu
joesph,HCo9Gzsb,habemus@est.edu
maragret,aMmcGiJu,iracundia@sonet.edu
alise,kkJm4d72,tibique@quo.edu
theodora,fxG67jHQ,platonem@eam.edu
linda31,h37w50jW,nam@his.edu
jamar,sPDbS358,vidit@ut.edu
nancy,0IDYF2sU,legere@solet.edu
shalonda,YPUlkZ4x,utroque@ex.edu
vickie,rBuV1bWs,nam@mei.edu
claretha,tFYWic96,impedit@cum.edu
lynnette,iqaUzP9Q,ea@ei.edu
lila23,gv0FwqDY,ne@ut.edu
hee,7RUafjYn,definitiones@id.edu
nigel,TpI3dtHE,reprehendunt@pri.edu
jodie,THYAWTRU,sadipscing@patrioque.edu
tam,eWdrESWe,timeam@eos.edu
jenny,pDU9lnnb,his@his.edu
fay,Vc0MTrSv,viris@vocent.edu
quincy,vYL9ZMY1,ius@elaboraret.edu
loria,A9lUotxi,scaevola@honestatis.edu
sherron,0Ui32O69,eu@no.edu
parker,ODLvKJ9K,prodesset@has.edu
wendy16,Q65VyxWi,ex@pri.edu
brenda,DRRTUlbi,nec@his.edu
sherry,6v9Wew4g,eu@has.edu
martina59,ALDW38F4,munere@nihil.edu
elvera,GFR6jFPu,possim@dicunt.edu
kerrie,QOnqNhBG,dolore@sed.edu
kemberly,2ijHqSFm,solet@cu.edu
loretta,M4hIQoHo,omittam@nonumy.edu
letitia,ha8AVEP4,et@soleat.edu
norine,U5Y2HFPF,mnesarchum@mucius.edu
delmar,V3cDaeRJ,definiebas@essent.edu
star,x1wyiNRa,appareat@aliquid.edu
carry,Xu7FJ4eC,no@vivendo.edu
trudi,Ldtlzoxm,appetere@recusabo.edu
erwin,VWdDhyvC,assentior@vim.edu
dominique,oFsKU6Xp,labitur@denique.edu
dominque,PKDp9Lwq,accusata@voluptua.edu
claris,XxT8Fzq4,magna@eum.edu
audry,LgCE7Cze,id@inani.edu
deidre,ukWakq19,vim@omnis.edu
darnell,4vrklcA7,eu@cu.edu
pok,bCKY3GBk,ea@conceptam.edu
onita,04McS4To,voluptua@sit.edu
muoi,AqiT7U8w,habeo@ea.edu
zella,nVRKwhpp,instructior@viderer.edu
robt,MCj886au,doming@per.edu
judith,Y26NSlBe,cu@eos.edu
coy,bqp3f2Rf,sea@te.edu
cody,ROsnsni5,sed@eum.edu
estell,BiEEhkXL,vis@nostrud.edu
un,ljwdsK5N,nec@an.edu
marianela,eaNpsf7A,sea@in.edu
ilene,hkzTQ93r,graecis@ponderum.edu
hugh,gsB0JpAF,verear@eu.edu
carmelina,Yq8DRj4C,probatus@platonem.edu
noah,KnftbE0H,definiebas@vis.edu
sarita,IvnYL15n,cu@mucius.edu
tamika,1Jn5cHiG,sea@lobortis.edu
jules,dqJpk0dS,nam@iudicabit.edu
slyvia,YcSSbRg5,comprehensam@vivendum.edu
keenan,z4ety86Z,periculis@consequuntur.edu
edwina,ASeTMWGQ,vel@recusabo.edu
leonila,ha3mQaXr,ea@ut.edu
adolfo,aHTfrkS6,in@iudicabit.edu
jeana,wWUWpa37,ancillae@ullamcorper.edu
joanie,e5n6SJes,vituperata@scaevola.edu
ivey,KuGXIf1X,prompta@senserit.edu
alline,9vkliMJn,mei@admodum.edu
dwain,tA8CC4Uq,dolorum@bonorum.edu
damian7,QO0CoFQx,nam@pericula.edu
ward,ouiyuIxV,ex@quo.edu
elenora,tFujGMxK,cotidieque@an.edu
lynsey,jkUDyEQ6,viderer@corpora.edu
argentina,I1utSd3p,his@ocurreret.edu
jenni,5bcuzRrc,forensibus@no.edu
roosevelt12,tipwMzES,veri@omnes.edu
bernardine,vdbJMTtw,laudem@eum.edu
lyla64,gykQLX5y,falli@debitis.edu
macie,BPKTNNN0,ne@delicatissimi.edu
suanne,JpUfURS8,porro@docendi.edu
lyda,OfofP45r,eos@legere.edu
colene,LhZVjiYl,detracto@recteque.edu
buena,hs7jxrdD,vivendo@mel.edu
thomasina49,zo76yw4L,in@splendide.edu
sherri,MeEOpQNK,mazim@soleat.edu
katheryn,wHNn7LKs,vix@ex.edu
alfreda4,sdesHkAu,vix@ad.edu
marquetta,qo8VGYNT,sea@cu.edu
eric,CFVzL9Ao,vel@ut.edu
petronila,qkjcKDei,at@ei.edu
elnora,XDZLmGOW,ad@reprimique.edu
ladawn,v2KsC15K,has@per.edu
tanner,VWJgacTF,et@constituam.edu
kandace67,f5P7FfGM,postulant@at.edu
refugia,hsTgVDUp,posse@ne.edu
many,YkWSgBG0,copiosae@vituperata.edu
neville,fpdhuOkN,vero@electram.edu
rosendo,cm8B7uTQ,adipisci@debitis.org
britney,U8aPwBt7,in@suavitate.org
elva,AhuAQXGA,cibo@at.org
brook,Y6BLFVwd,ne@utroque.org
emmanuel,W1OPjMLZ,commune@percipitur.org
grayce,Dr0dbtH9,deserunt@qui.org
maybell,JXvy7xYO,mea@omnis.org
keira,cgUR0ajr,dicit@tacimates.org
sharla,F69zPIGi,commune@everti.org
samual,qnP6ZelG,apeirian@scriptorem.org
loriann,NHzdrV98,sea@ut.org
corinna,v5Az7oHs,dicunt@convenire.org
rozella,MnOWKGXk,ne@vel.org
cameron,7JDmptLG,id@at.org
jeanelle,3jnD1gh4,scaevola@ad.org
maureen,oncXm9r5,vim@has.org
yi,mDN1MXoF,congue@et.org
phil,0kyuHwzC,ne@postulant.org
felecia,auWDEqdR,duis@posse.org
armand72,7M1tp2HP,quas@copiosae.org
shaquana,ATojn3UV,ut@vero.org
benedict,CvxChVl5,mollis@adipisci.org
rowena,WUNsfOol,intellegat@in.org
jaleesa,SdOPTT03,ex@cibo.org
sandra,HK1Y7krO,duo@ne.org
sherika,cbQLIEVu,qui@commune.org
shameka,BpgfUmYT,omnesque@deserunt.org
reba,GtT9bUL7,mollis@mea.org
brinda,LX0mnIAX,prima@dicit.org
alica,YklU3Zjv,repudiandae@commune.org
will,glcZpGTN,debitis@apeirian.org
marco,o8xcfznU,semper@sea.org
rosina,gbxkNAST,graeco@ut.org
cyrus,jSdOTngt,usu@ei.org
glen,pVAm9mfP,invenire@reprimique.org
gertude965,bW0jZ3FX,an@per.org
angele,fKnI9Z5k,ne@constituam.org
rivka,DRrQF6cn,molestiae@at.org
rolland,GR6VYkIj,volutpat@ne.org
ryan91,xHcQSb0N,nonumy@vituperata.org
akilah,X0PC4ole,melius@electram.org
lisbeth,iU6Xhg7c,justo@debitis.org
darcy,t5iyVVv6,eruditi@suavitate.org
dario,sYwcy0Px,necessitatibus@at.org
loma,XWEZnoBb,munere@utroque.org
milagros,g5t5L17I,ut@percipitur.org
gwyneth,2ekeIVzu,eos@qui.org
reena,Me7TNzu7,lucilius@omnis.org
ramiro,GJpt7zIR,lorem@tacimates.org
flossie,vC9jH853,suscipit@everti.org
annabell,86Ya1xIe,postulant@scriptorem.org
jerrica,2OERzPDA,scripserit@ut.org
jacelyn,Mnm2YZMR,tollit@iudicabit.org
rosena,FCpt85RW,regione@te.org
karin,XYylSoWn,atqui@nam.org
samantha56,pNonncA6,an@argumentum.org
shante,i9ePOXzH,eirmod@nam.org
lawerence,kGRR7VdF,posse@euripidis.org
beatris,ruuSThmJ,an@labore.org
annetta,uGd0OmyN,maiorum@ea.org
yuriko,Zy4VGEU5,percipitur@aliquam.org
josefine,jdUt7pC5,eruditi@disputando.org
ignacia26,rl881nDp,an@assentior.org
angeles,HxeHyYiI,ne@no.org
sol,HCITyTP7,vix@ius.org
lupe,u7ExniFX,sed@sapientem.org
arlean,cXX6Lqkg,no@eum.org
dionne,MTqqlxsV,ei@ei.org
arnetta,PHcsFevB,nostro@theophrastus.org
stefanie,U0CJW15w,no@te.org
gertude,wiU10QGo,munere@veniam.org
joyce,yuHJAriG,erroribus@modus.org
vera16,IMdyLBtc,no@ex.org
tisa,j91f9pBG,noluisse@partem.org
alane,e0AlUXtA,sea@est.org
jarrod,ld2RHwFp,delectus@molestiae.org
agripina,x4vO2B3Q,electram@volutpat.org
aleisha,WzLcGuY9,labitur@nonumy.org
christia,Ma7niV5M,deserunt@melius.org
vernon,NjPHy74G,necessitatibus@justo.org
pearle,um58d8YX,concludaturque@eruditi.org
francina,2fzaP6WF,labore@necessitatibus.org
reynaldo,BQHEBJbk,aperiri@munere.org
noe,9L53feEd,congue@ut.org
bradly,qjEzikQG,his@eos.org
lawanda,yWod0BfM,virtute@lucilius.org
sarah16,AYQooCbz,an@lorem.org
lana43,zO1143Ok,eum@suscipit.org
beaulah,E2UWGXsO,temporibus@postulant.org
eliz,PT55YLrq,pericula@scripserit.org
tarsha,mbcclFVl,elaboraret@volutpat.org
wynell,8BHG9jTB,mutat@nonumy.org
